INSERT INTO hostal.calendario (fecha, año, mes, dia, temporada) VALUES ('2021-01-01', 2021, 1, 1, 'Baja');
INSERT INTO hostal.calendario (fecha, año, mes, dia, temporada) VALUES ('2021-01-02', 2021, 1, 2, 'Baja');
INSERT INTO hostal.calendario (fecha, año, mes, dia, temporada) VALUES ('2021-01-03', 2021, 1, 3, 'Baja');
INSERT INTO hostal.calendario (fecha, año, mes, dia, temporada) VALUES ('2021-01-04', 2021, 1, 4, 'Baja');
INSERT INTO hostal.calendario (fecha, año, mes, dia, temporada) VALUES ('2021-01-05', 2021, 1, 5, 'Baja');
INSERT INTO hostal.calendario (fecha, año, mes, dia, temporada) VALUES ('2021-01-06', 2021, 1, 6, 'Baja');
INSERT INTO hostal.calendario (fecha, año, mes, dia, temporada) VALUES ('2021-01-07', 2021, 1, 7, 'Baja');
INSERT INTO hostal.calendario (fecha, año, mes, dia, temporada) VALUES ('2021-01-08', 2021, 1, 8, 'Baja');
INSERT INTO hostal.calendario (fecha, año, mes, dia, temporada) VALUES ('2021-01-09', 2021, 1, 9, 'Baja');
INSERT INTO hostal.calendario (fecha, año, mes, dia, temporada) VALUES ('2021-01-10', 2021, 1, 10, 'Baja');
INSERT INTO hostal.calendario (fecha, año, mes, dia, temporada) VALUES ('2021-01-11', 2021, 1, 11, 'Baja');
INSERT INTO hostal.calendario (fecha, año, mes, dia, temporada) VALUES ('2021-01-12', 2021, 1, 12, 'Baja');
INSERT INTO hostal.calendario (fecha, año, mes, dia, temporada) VALUES ('2021-01-13', 2021, 1, 13, 'Baja');
INSERT INTO hostal.calendario (fecha, año, mes, dia, temporada) VALUES ('2021-01-14', 2021, 1, 14, 'Baja');
INSERT INTO hostal.calendario (fecha, año, mes, dia, temporada) VALUES ('2021-01-15', 2021, 1, 15, 'Baja');
INSERT INTO hostal.calendario (fecha, año, mes, dia, temporada) VALUES ('2021-01-16', 2021, 1, 16, 'Baja');
INSERT INTO hostal.calendario (fecha, año, mes, dia, temporada) VALUES ('2021-01-17', 2021, 1, 17, 'Baja');
INSERT INTO hostal.calendario (fecha, año, mes, dia, temporada) VALUES ('2021-01-18', 2021, 1, 18, 'Baja');
INSERT INTO hostal.calendario (fecha, año, mes, dia, temporada) VALUES ('2021-01-19', 2021, 1, 19, 'Baja');
INSERT INTO hostal.calendario (fecha, año, mes, dia, temporada) VALUES ('2021-01-20', 2021, 1, 20, 'Baja');
INSERT INTO hostal.calendario (fecha, año, mes, dia, temporada) VALUES ('2021-01-21', 2021, 1, 21, 'Baja');
INSERT INTO hostal.calendario (fecha, año, mes, dia, temporada) VALUES ('2021-01-22', 2021, 1, 22, 'Baja');
INSERT INTO hostal.calendario (fecha, año, mes, dia, temporada) VALUES ('2021-01-23', 2021, 1, 23, 'Baja');
INSERT INTO hostal.calendario (fecha, año, mes, dia, temporada) VALUES ('2021-01-24', 2021, 1, 24, 'Baja');
INSERT INTO hostal.calendario (fecha, año, mes, dia, temporada) VALUES ('2021-01-25', 2021, 1, 25, 'Baja');
INSERT INTO hostal.calendario (fecha, año, mes, dia, temporada) VALUES ('2021-01-26', 2021, 1, 26, 'Baja');
INSERT INTO hostal.calendario (fecha, año, mes, dia, temporada) VALUES ('2021-01-27', 2021, 1, 27, 'Baja');
INSERT INTO hostal.calendario (fecha, año, mes, dia, temporada) VALUES ('2021-01-28', 2021, 1, 28, 'Baja');
INSERT INTO hostal.calendario (fecha, año, mes, dia, temporada) VALUES ('2021-01-29', 2021, 1, 29, 'Baja');
INSERT INTO hostal.calendario (fecha, año, mes, dia, temporada) VALUES ('2021-01-30', 2021, 1, 30, 'Baja');
INSERT INTO hostal.calendario (fecha, año, mes, dia, temporada) VALUES ('2021-01-31', 2021, 1, 31, 'Baja');
INSERT INTO hostal.calendario (fecha, año, mes, dia, temporada) VALUES ('2021-02-01', 2021, 2, 1, 'Baja');
INSERT INTO hostal.calendario (fecha, año, mes, dia, temporada) VALUES ('2021-02-02', 2021, 2, 2, 'Baja');
INSERT INTO hostal.calendario (fecha, año, mes, dia, temporada) VALUES ('2021-02-03', 2021, 2, 3, 'Baja');
INSERT INTO hostal.calendario (fecha, año, mes, dia, temporada) VALUES ('2021-02-04', 2021, 2, 4, 'Baja');
INSERT INTO hostal.calendario (fecha, año, mes, dia, temporada) VALUES ('2021-02-05', 2021, 2, 5, 'Baja');
INSERT INTO hostal.calendario (fecha, año, mes, dia, temporada) VALUES ('2021-02-06', 2021, 2, 6, 'Baja');
INSERT INTO hostal.calendario (fecha, año, mes, dia, temporada) VALUES ('2021-02-07', 2021, 2, 7, 'Baja');
INSERT INTO hostal.calendario (fecha, año, mes, dia, temporada) VALUES ('2021-02-08', 2021, 2, 8, 'Baja');
INSERT INTO hostal.calendario (fecha, año, mes, dia, temporada) VALUES ('2021-02-09', 2021, 2, 9, 'Baja');
INSERT INTO hostal.calendario (fecha, año, mes, dia, temporada) VALUES ('2021-02-10', 2021, 2, 10, 'Baja');
INSERT INTO hostal.calendario (fecha, año, mes, dia, temporada) VALUES ('2021-02-11', 2021, 2, 11, 'Baja');
INSERT INTO hostal.calendario (fecha, año, mes, dia, temporada) VALUES ('2021-02-12', 2021, 2, 12, 'Baja');
INSERT INTO hostal.calendario (fecha, año, mes, dia, temporada) VALUES ('2021-02-13', 2021, 2, 13, 'Baja');
INSERT INTO hostal.calendario (fecha, año, mes, dia, temporada) VALUES ('2021-02-14', 2021, 2, 14, 'Baja');
INSERT INTO hostal.calendario (fecha, año, mes, dia, temporada) VALUES ('2021-02-15', 2021, 2, 15, 'Baja');
INSERT INTO hostal.calendario (fecha, año, mes, dia, temporada) VALUES ('2021-02-16', 2021, 2, 16, 'Baja');
INSERT INTO hostal.calendario (fecha, año, mes, dia, temporada) VALUES ('2021-02-17', 2021, 2, 17, 'Baja');
INSERT INTO hostal.calendario (fecha, año, mes, dia, temporada) VALUES ('2021-02-18', 2021, 2, 18, 'Baja');
INSERT INTO hostal.calendario (fecha, año, mes, dia, temporada) VALUES ('2021-02-19', 2021, 2, 19, 'Baja');
INSERT INTO hostal.calendario (fecha, año, mes, dia, temporada) VALUES ('2021-02-20', 2021, 2, 20, 'Baja');
INSERT INTO hostal.calendario (fecha, año, mes, dia, temporada) VALUES ('2021-02-21', 2021, 2, 21, 'Baja');
INSERT INTO hostal.calendario (fecha, año, mes, dia, temporada) VALUES ('2021-02-22', 2021, 2, 22, 'Baja');
INSERT INTO hostal.calendario (fecha, año, mes, dia, temporada) VALUES ('2021-02-23', 2021, 2, 23, 'Baja');
INSERT INTO hostal.calendario (fecha, año, mes, dia, temporada) VALUES ('2021-02-24', 2021, 2, 24, 'Baja');
INSERT INTO hostal.calendario (fecha, año, mes, dia, temporada) VALUES ('2021-02-25', 2021, 2, 25, 'Baja');
INSERT INTO hostal.calendario (fecha, año, mes, dia, temporada) VALUES ('2021-02-26', 2021, 2, 26, 'Baja');
INSERT INTO hostal.calendario (fecha, año, mes, dia, temporada) VALUES ('2021-02-27', 2021, 2, 27, 'Baja');
INSERT INTO hostal.calendario (fecha, año, mes, dia, temporada) VALUES ('2021-02-28', 2021, 2, 28, 'Baja');
INSERT INTO hostal.calendario (fecha, año, mes, dia, temporada) VALUES ('2021-03-01', 2021, 3, 1, 'Baja');
INSERT INTO hostal.calendario (fecha, año, mes, dia, temporada) VALUES ('2021-03-02', 2021, 3, 2, 'Baja');
INSERT INTO hostal.calendario (fecha, año, mes, dia, temporada) VALUES ('2021-03-03', 2021, 3, 3, 'Baja');
INSERT INTO hostal.calendario (fecha, año, mes, dia, temporada) VALUES ('2021-03-04', 2021, 3, 4, 'Baja');
INSERT INTO hostal.calendario (fecha, año, mes, dia, temporada) VALUES ('2021-03-05', 2021, 3, 5, 'Baja');
INSERT INTO hostal.calendario (fecha, año, mes, dia, temporada) VALUES ('2021-03-06', 2021, 3, 6, 'Baja');
INSERT INTO hostal.calendario (fecha, año, mes, dia, temporada) VALUES ('2021-03-07', 2021, 3, 7, 'Baja');
INSERT INTO hostal.calendario (fecha, año, mes, dia, temporada) VALUES ('2021-03-08', 2021, 3, 8, 'Baja');
INSERT INTO hostal.calendario (fecha, año, mes, dia, temporada) VALUES ('2021-03-09', 2021, 3, 9, 'Baja');
INSERT INTO hostal.calendario (fecha, año, mes, dia, temporada) VALUES ('2021-03-10', 2021, 3, 10, 'Baja');
INSERT INTO hostal.calendario (fecha, año, mes, dia, temporada) VALUES ('2021-03-11', 2021, 3, 11, 'Baja');
INSERT INTO hostal.calendario (fecha, año, mes, dia, temporada) VALUES ('2021-03-12', 2021, 3, 12, 'Baja');
INSERT INTO hostal.calendario (fecha, año, mes, dia, temporada) VALUES ('2021-03-13', 2021, 3, 13, 'Baja');
INSERT INTO hostal.calendario (fecha, año, mes, dia, temporada) VALUES ('2021-03-14', 2021, 3, 14, 'Baja');
INSERT INTO hostal.calendario (fecha, año, mes, dia, temporada) VALUES ('2021-03-15', 2021, 3, 15, 'Baja');
INSERT INTO hostal.calendario (fecha, año, mes, dia, temporada) VALUES ('2021-03-16', 2021, 3, 16, 'Baja');
INSERT INTO hostal.calendario (fecha, año, mes, dia, temporada) VALUES ('2021-03-17', 2021, 3, 17, 'Baja');
INSERT INTO hostal.calendario (fecha, año, mes, dia, temporada) VALUES ('2021-03-18', 2021, 3, 18, 'Baja');
INSERT INTO hostal.calendario (fecha, año, mes, dia, temporada) VALUES ('2021-03-19', 2021, 3, 19, 'Baja');
INSERT INTO hostal.calendario (fecha, año, mes, dia, temporada) VALUES ('2021-03-20', 2021, 3, 20, 'Baja');
INSERT INTO hostal.calendario (fecha, año, mes, dia, temporada) VALUES ('2021-03-21', 2021, 3, 21, 'Baja');
INSERT INTO hostal.calendario (fecha, año, mes, dia, temporada) VALUES ('2021-03-22', 2021, 3, 22, 'Baja');
INSERT INTO hostal.calendario (fecha, año, mes, dia, temporada) VALUES ('2021-03-23', 2021, 3, 23, 'Baja');
INSERT INTO hostal.calendario (fecha, año, mes, dia, temporada) VALUES ('2021-03-24', 2021, 3, 24, 'Baja');
INSERT INTO hostal.calendario (fecha, año, mes, dia, temporada) VALUES ('2021-03-25', 2021, 3, 25, 'Baja');
INSERT INTO hostal.calendario (fecha, año, mes, dia, temporada) VALUES ('2021-03-26', 2021, 3, 26, 'Baja');
INSERT INTO hostal.calendario (fecha, año, mes, dia, temporada) VALUES ('2021-03-27', 2021, 3, 27, 'Baja');
INSERT INTO hostal.calendario (fecha, año, mes, dia, temporada) VALUES ('2021-03-28', 2021, 3, 28, 'Baja');
INSERT INTO hostal.calendario (fecha, año, mes, dia, temporada) VALUES ('2021-03-29', 2021, 3, 29, 'Baja');
INSERT INTO hostal.calendario (fecha, año, mes, dia, temporada) VALUES ('2021-03-30', 2021, 3, 30, 'Baja');
INSERT INTO hostal.calendario (fecha, año, mes, dia, temporada) VALUES ('2021-03-31', 2021, 3, 31, 'Baja');
INSERT INTO hostal.calendario (fecha, año, mes, dia, temporada) VALUES ('2021-04-01', 2021, 4, 1, 'Baja');
INSERT INTO hostal.calendario (fecha, año, mes, dia, temporada) VALUES ('2021-04-02', 2021, 4, 2, 'Baja');
INSERT INTO hostal.calendario (fecha, año, mes, dia, temporada) VALUES ('2021-04-03', 2021, 4, 3, 'Baja');
INSERT INTO hostal.calendario (fecha, año, mes, dia, temporada) VALUES ('2021-04-04', 2021, 4, 4, 'Baja');
INSERT INTO hostal.calendario (fecha, año, mes, dia, temporada) VALUES ('2021-04-05', 2021, 4, 5, 'Baja');
INSERT INTO hostal.calendario (fecha, año, mes, dia, temporada) VALUES ('2021-04-06', 2021, 4, 6, 'Baja');
INSERT INTO hostal.calendario (fecha, año, mes, dia, temporada) VALUES ('2021-04-07', 2021, 4, 7, 'Baja');
INSERT INTO hostal.calendario (fecha, año, mes, dia, temporada) VALUES ('2021-04-08', 2021, 4, 8, 'Baja');
INSERT INTO hostal.calendario (fecha, año, mes, dia, temporada) VALUES ('2021-04-09', 2021, 4, 9, 'Baja');
INSERT INTO hostal.calendario (fecha, año, mes, dia, temporada) VALUES ('2021-04-10', 2021, 4, 10, 'Baja');
INSERT INTO hostal.calendario (fecha, año, mes, dia, temporada) VALUES ('2021-04-11', 2021, 4, 11, 'Baja');
INSERT INTO hostal.calendario (fecha, año, mes, dia, temporada) VALUES ('2021-04-12', 2021, 4, 12, 'Baja');
INSERT INTO hostal.calendario (fecha, año, mes, dia, temporada) VALUES ('2021-04-13', 2021, 4, 13, 'Baja');
INSERT INTO hostal.calendario (fecha, año, mes, dia, temporada) VALUES ('2021-04-14', 2021, 4, 14, 'Baja');
INSERT INTO hostal.calendario (fecha, año, mes, dia, temporada) VALUES ('2021-04-15', 2021, 4, 15, 'Baja');
INSERT INTO hostal.calendario (fecha, año, mes, dia, temporada) VALUES ('2021-04-16', 2021, 4, 16, 'Baja');
INSERT INTO hostal.calendario (fecha, año, mes, dia, temporada) VALUES ('2021-04-17', 2021, 4, 17, 'Baja');
INSERT INTO hostal.calendario (fecha, año, mes, dia, temporada) VALUES ('2021-04-18', 2021, 4, 18, 'Baja');
INSERT INTO hostal.calendario (fecha, año, mes, dia, temporada) VALUES ('2021-04-19', 2021, 4, 19, 'Baja');
INSERT INTO hostal.calendario (fecha, año, mes, dia, temporada) VALUES ('2021-04-20', 2021, 4, 20, 'Baja');
INSERT INTO hostal.calendario (fecha, año, mes, dia, temporada) VALUES ('2021-04-21', 2021, 4, 21, 'Baja');
INSERT INTO hostal.calendario (fecha, año, mes, dia, temporada) VALUES ('2021-04-22', 2021, 4, 22, 'Baja');
INSERT INTO hostal.calendario (fecha, año, mes, dia, temporada) VALUES ('2021-04-23', 2021, 4, 23, 'Baja');
INSERT INTO hostal.calendario (fecha, año, mes, dia, temporada) VALUES ('2021-04-24', 2021, 4, 24, 'Baja');
INSERT INTO hostal.calendario (fecha, año, mes, dia, temporada) VALUES ('2021-04-25', 2021, 4, 25, 'Baja');
INSERT INTO hostal.calendario (fecha, año, mes, dia, temporada) VALUES ('2021-04-26', 2021, 4, 26, 'Baja');
INSERT INTO hostal.calendario (fecha, año, mes, dia, temporada) VALUES ('2021-04-27', 2021, 4, 27, 'Baja');
INSERT INTO hostal.calendario (fecha, año, mes, dia, temporada) VALUES ('2021-04-28', 2021, 4, 28, 'Baja');
INSERT INTO hostal.calendario (fecha, año, mes, dia, temporada) VALUES ('2021-04-29', 2021, 4, 29, 'Baja');
INSERT INTO hostal.calendario (fecha, año, mes, dia, temporada) VALUES ('2021-04-30', 2021, 4, 30, 'Baja');
INSERT INTO hostal.calendario (fecha, año, mes, dia, temporada) VALUES ('2021-05-01', 2021, 5, 1, 'Alta');
INSERT INTO hostal.calendario (fecha, año, mes, dia, temporada) VALUES ('2021-05-02', 2021, 5, 2, 'Alta');
INSERT INTO hostal.calendario (fecha, año, mes, dia, temporada) VALUES ('2021-05-03', 2021, 5, 3, 'Alta');
INSERT INTO hostal.calendario (fecha, año, mes, dia, temporada) VALUES ('2021-05-04', 2021, 5, 4, 'Alta');
INSERT INTO hostal.calendario (fecha, año, mes, dia, temporada) VALUES ('2021-05-05', 2021, 5, 5, 'Alta');
INSERT INTO hostal.calendario (fecha, año, mes, dia, temporada) VALUES ('2021-05-06', 2021, 5, 6, 'Alta');
INSERT INTO hostal.calendario (fecha, año, mes, dia, temporada) VALUES ('2021-05-07', 2021, 5, 7, 'Alta');
INSERT INTO hostal.calendario (fecha, año, mes, dia, temporada) VALUES ('2021-05-08', 2021, 5, 8, 'Alta');
INSERT INTO hostal.calendario (fecha, año, mes, dia, temporada) VALUES ('2021-05-09', 2021, 5, 9, 'Alta');
INSERT INTO hostal.calendario (fecha, año, mes, dia, temporada) VALUES ('2021-05-10', 2021, 5, 10, 'Alta');
INSERT INTO hostal.calendario (fecha, año, mes, dia, temporada) VALUES ('2021-05-11', 2021, 5, 11, 'Alta');
INSERT INTO hostal.calendario (fecha, año, mes, dia, temporada) VALUES ('2021-05-12', 2021, 5, 12, 'Alta');
INSERT INTO hostal.calendario (fecha, año, mes, dia, temporada) VALUES ('2021-05-13', 2021, 5, 13, 'Alta');
INSERT INTO hostal.calendario (fecha, año, mes, dia, temporada) VALUES ('2021-05-14', 2021, 5, 14, 'Alta');
INSERT INTO hostal.calendario (fecha, año, mes, dia, temporada) VALUES ('2021-05-15', 2021, 5, 15, 'Alta');
INSERT INTO hostal.calendario (fecha, año, mes, dia, temporada) VALUES ('2021-05-16', 2021, 5, 16, 'Alta');
INSERT INTO hostal.calendario (fecha, año, mes, dia, temporada) VALUES ('2021-05-17', 2021, 5, 17, 'Alta');
INSERT INTO hostal.calendario (fecha, año, mes, dia, temporada) VALUES ('2021-05-18', 2021, 5, 18, 'Alta');
INSERT INTO hostal.calendario (fecha, año, mes, dia, temporada) VALUES ('2021-05-19', 2021, 5, 19, 'Alta');
INSERT INTO hostal.calendario (fecha, año, mes, dia, temporada) VALUES ('2021-05-20', 2021, 5, 20, 'Alta');
INSERT INTO hostal.calendario (fecha, año, mes, dia, temporada) VALUES ('2021-05-21', 2021, 5, 21, 'Alta');
INSERT INTO hostal.calendario (fecha, año, mes, dia, temporada) VALUES ('2021-05-22', 2021, 5, 22, 'Alta');
INSERT INTO hostal.calendario (fecha, año, mes, dia, temporada) VALUES ('2021-05-23', 2021, 5, 23, 'Alta');
INSERT INTO hostal.calendario (fecha, año, mes, dia, temporada) VALUES ('2021-05-24', 2021, 5, 24, 'Alta');
INSERT INTO hostal.calendario (fecha, año, mes, dia, temporada) VALUES ('2021-05-25', 2021, 5, 25, 'Alta');
INSERT INTO hostal.calendario (fecha, año, mes, dia, temporada) VALUES ('2021-05-26', 2021, 5, 26, 'Alta');
INSERT INTO hostal.calendario (fecha, año, mes, dia, temporada) VALUES ('2021-05-27', 2021, 5, 27, 'Alta');
INSERT INTO hostal.calendario (fecha, año, mes, dia, temporada) VALUES ('2021-05-28', 2021, 5, 28, 'Alta');
INSERT INTO hostal.calendario (fecha, año, mes, dia, temporada) VALUES ('2021-05-29', 2021, 5, 29, 'Alta');
INSERT INTO hostal.calendario (fecha, año, mes, dia, temporada) VALUES ('2021-05-30', 2021, 5, 30, 'Alta');
INSERT INTO hostal.calendario (fecha, año, mes, dia, temporada) VALUES ('2021-05-31', 2021, 5, 31, 'Alta');
INSERT INTO hostal.calendario (fecha, año, mes, dia, temporada) VALUES ('2021-06-01', 2021, 6, 1, 'Alta');
INSERT INTO hostal.calendario (fecha, año, mes, dia, temporada) VALUES ('2021-06-02', 2021, 6, 2, 'Alta');
INSERT INTO hostal.calendario (fecha, año, mes, dia, temporada) VALUES ('2021-06-03', 2021, 6, 3, 'Alta');
INSERT INTO hostal.calendario (fecha, año, mes, dia, temporada) VALUES ('2021-06-04', 2021, 6, 4, 'Alta');
INSERT INTO hostal.calendario (fecha, año, mes, dia, temporada) VALUES ('2021-06-05', 2021, 6, 5, 'Alta');
INSERT INTO hostal.calendario (fecha, año, mes, dia, temporada) VALUES ('2021-06-06', 2021, 6, 6, 'Alta');
INSERT INTO hostal.calendario (fecha, año, mes, dia, temporada) VALUES ('2021-06-07', 2021, 6, 7, 'Alta');
INSERT INTO hostal.calendario (fecha, año, mes, dia, temporada) VALUES ('2021-06-08', 2021, 6, 8, 'Alta');
INSERT INTO hostal.calendario (fecha, año, mes, dia, temporada) VALUES ('2021-06-09', 2021, 6, 9, 'Alta');
INSERT INTO hostal.calendario (fecha, año, mes, dia, temporada) VALUES ('2021-06-10', 2021, 6, 10, 'Alta');
INSERT INTO hostal.calendario (fecha, año, mes, dia, temporada) VALUES ('2021-06-11', 2021, 6, 11, 'Alta');
INSERT INTO hostal.calendario (fecha, año, mes, dia, temporada) VALUES ('2021-06-12', 2021, 6, 12, 'Alta');
INSERT INTO hostal.calendario (fecha, año, mes, dia, temporada) VALUES ('2021-06-13', 2021, 6, 13, 'Alta');
INSERT INTO hostal.calendario (fecha, año, mes, dia, temporada) VALUES ('2021-06-14', 2021, 6, 14, 'Alta');
INSERT INTO hostal.calendario (fecha, año, mes, dia, temporada) VALUES ('2021-06-15', 2021, 6, 15, 'Alta');
INSERT INTO hostal.calendario (fecha, año, mes, dia, temporada) VALUES ('2021-06-16', 2021, 6, 16, 'Alta');
INSERT INTO hostal.calendario (fecha, año, mes, dia, temporada) VALUES ('2021-06-17', 2021, 6, 17, 'Alta');
INSERT INTO hostal.calendario (fecha, año, mes, dia, temporada) VALUES ('2021-06-18', 2021, 6, 18, 'Alta');
INSERT INTO hostal.calendario (fecha, año, mes, dia, temporada) VALUES ('2021-06-19', 2021, 6, 19, 'Alta');
INSERT INTO hostal.calendario (fecha, año, mes, dia, temporada) VALUES ('2021-06-20', 2021, 6, 20, 'Alta');
INSERT INTO hostal.calendario (fecha, año, mes, dia, temporada) VALUES ('2021-06-21', 2021, 6, 21, 'Alta');
INSERT INTO hostal.calendario (fecha, año, mes, dia, temporada) VALUES ('2021-06-22', 2021, 6, 22, 'Alta');
INSERT INTO hostal.calendario (fecha, año, mes, dia, temporada) VALUES ('2021-06-23', 2021, 6, 23, 'Alta');
INSERT INTO hostal.calendario (fecha, año, mes, dia, temporada) VALUES ('2021-06-24', 2021, 6, 24, 'Alta');
INSERT INTO hostal.calendario (fecha, año, mes, dia, temporada) VALUES ('2021-06-25', 2021, 6, 25, 'Alta');
INSERT INTO hostal.calendario (fecha, año, mes, dia, temporada) VALUES ('2021-06-26', 2021, 6, 26, 'Alta');
INSERT INTO hostal.calendario (fecha, año, mes, dia, temporada) VALUES ('2021-06-27', 2021, 6, 27, 'Alta');
INSERT INTO hostal.calendario (fecha, año, mes, dia, temporada) VALUES ('2021-06-28', 2021, 6, 28, 'Alta');
INSERT INTO hostal.calendario (fecha, año, mes, dia, temporada) VALUES ('2021-06-29', 2021, 6, 29, 'Alta');
INSERT INTO hostal.calendario (fecha, año, mes, dia, temporada) VALUES ('2021-06-30', 2021, 6, 30, 'Alta');
INSERT INTO hostal.calendario (fecha, año, mes, dia, temporada) VALUES ('2021-07-01', 2021, 7, 1, 'Alta');
INSERT INTO hostal.calendario (fecha, año, mes, dia, temporada) VALUES ('2021-07-02', 2021, 7, 2, 'Alta');
INSERT INTO hostal.calendario (fecha, año, mes, dia, temporada) VALUES ('2021-07-03', 2021, 7, 3, 'Alta');
INSERT INTO hostal.calendario (fecha, año, mes, dia, temporada) VALUES ('2021-07-04', 2021, 7, 4, 'Alta');
INSERT INTO hostal.calendario (fecha, año, mes, dia, temporada) VALUES ('2021-07-05', 2021, 7, 5, 'Alta');
INSERT INTO hostal.calendario (fecha, año, mes, dia, temporada) VALUES ('2021-07-06', 2021, 7, 6, 'Alta');
INSERT INTO hostal.calendario (fecha, año, mes, dia, temporada) VALUES ('2021-07-07', 2021, 7, 7, 'Alta');
INSERT INTO hostal.calendario (fecha, año, mes, dia, temporada) VALUES ('2021-07-08', 2021, 7, 8, 'Alta');
INSERT INTO hostal.calendario (fecha, año, mes, dia, temporada) VALUES ('2021-07-09', 2021, 7, 9, 'Alta');
INSERT INTO hostal.calendario (fecha, año, mes, dia, temporada) VALUES ('2021-07-10', 2021, 7, 10, 'Alta');
INSERT INTO hostal.calendario (fecha, año, mes, dia, temporada) VALUES ('2021-07-11', 2021, 7, 11, 'Alta');
INSERT INTO hostal.calendario (fecha, año, mes, dia, temporada) VALUES ('2021-07-12', 2021, 7, 12, 'Alta');
INSERT INTO hostal.calendario (fecha, año, mes, dia, temporada) VALUES ('2021-07-13', 2021, 7, 13, 'Alta');
INSERT INTO hostal.calendario (fecha, año, mes, dia, temporada) VALUES ('2021-07-14', 2021, 7, 14, 'Alta');
INSERT INTO hostal.calendario (fecha, año, mes, dia, temporada) VALUES ('2021-07-15', 2021, 7, 15, 'Alta');
INSERT INTO hostal.calendario (fecha, año, mes, dia, temporada) VALUES ('2021-07-16', 2021, 7, 16, 'Alta');
INSERT INTO hostal.calendario (fecha, año, mes, dia, temporada) VALUES ('2021-07-17', 2021, 7, 17, 'Alta');
INSERT INTO hostal.calendario (fecha, año, mes, dia, temporada) VALUES ('2021-07-18', 2021, 7, 18, 'Alta');
INSERT INTO hostal.calendario (fecha, año, mes, dia, temporada) VALUES ('2021-07-19', 2021, 7, 19, 'Alta');
INSERT INTO hostal.calendario (fecha, año, mes, dia, temporada) VALUES ('2021-07-20', 2021, 7, 20, 'Alta');
INSERT INTO hostal.calendario (fecha, año, mes, dia, temporada) VALUES ('2021-07-21', 2021, 7, 21, 'Alta');
INSERT INTO hostal.calendario (fecha, año, mes, dia, temporada) VALUES ('2021-07-22', 2021, 7, 22, 'Alta');
INSERT INTO hostal.calendario (fecha, año, mes, dia, temporada) VALUES ('2021-07-23', 2021, 7, 23, 'Alta');
INSERT INTO hostal.calendario (fecha, año, mes, dia, temporada) VALUES ('2021-07-24', 2021, 7, 24, 'Alta');
INSERT INTO hostal.calendario (fecha, año, mes, dia, temporada) VALUES ('2021-07-25', 2021, 7, 25, 'Alta');
INSERT INTO hostal.calendario (fecha, año, mes, dia, temporada) VALUES ('2021-07-26', 2021, 7, 26, 'Alta');
INSERT INTO hostal.calendario (fecha, año, mes, dia, temporada) VALUES ('2021-07-27', 2021, 7, 27, 'Alta');
INSERT INTO hostal.calendario (fecha, año, mes, dia, temporada) VALUES ('2021-07-28', 2021, 7, 28, 'Alta');
INSERT INTO hostal.calendario (fecha, año, mes, dia, temporada) VALUES ('2021-07-29', 2021, 7, 29, 'Alta');
INSERT INTO hostal.calendario (fecha, año, mes, dia, temporada) VALUES ('2021-07-30', 2021, 7, 30, 'Alta');
INSERT INTO hostal.calendario (fecha, año, mes, dia, temporada) VALUES ('2021-07-31', 2021, 7, 31, 'Alta');
INSERT INTO hostal.calendario (fecha, año, mes, dia, temporada) VALUES ('2021-08-01', 2021, 8, 1, 'Alta');
INSERT INTO hostal.calendario (fecha, año, mes, dia, temporada) VALUES ('2021-08-02', 2021, 8, 2, 'Alta');
INSERT INTO hostal.calendario (fecha, año, mes, dia, temporada) VALUES ('2021-08-03', 2021, 8, 3, 'Alta');
INSERT INTO hostal.calendario (fecha, año, mes, dia, temporada) VALUES ('2021-08-04', 2021, 8, 4, 'Alta');
INSERT INTO hostal.calendario (fecha, año, mes, dia, temporada) VALUES ('2021-08-05', 2021, 8, 5, 'Alta');
INSERT INTO hostal.calendario (fecha, año, mes, dia, temporada) VALUES ('2021-08-06', 2021, 8, 6, 'Alta');
INSERT INTO hostal.calendario (fecha, año, mes, dia, temporada) VALUES ('2021-08-07', 2021, 8, 7, 'Alta');
INSERT INTO hostal.calendario (fecha, año, mes, dia, temporada) VALUES ('2021-08-08', 2021, 8, 8, 'Alta');
INSERT INTO hostal.calendario (fecha, año, mes, dia, temporada) VALUES ('2021-08-09', 2021, 8, 9, 'Alta');
INSERT INTO hostal.calendario (fecha, año, mes, dia, temporada) VALUES ('2021-08-10', 2021, 8, 10, 'Alta');
INSERT INTO hostal.calendario (fecha, año, mes, dia, temporada) VALUES ('2021-08-11', 2021, 8, 11, 'Alta');
INSERT INTO hostal.calendario (fecha, año, mes, dia, temporada) VALUES ('2021-08-12', 2021, 8, 12, 'Alta');
INSERT INTO hostal.calendario (fecha, año, mes, dia, temporada) VALUES ('2021-08-13', 2021, 8, 13, 'Alta');
INSERT INTO hostal.calendario (fecha, año, mes, dia, temporada) VALUES ('2021-08-14', 2021, 8, 14, 'Alta');
INSERT INTO hostal.calendario (fecha, año, mes, dia, temporada) VALUES ('2021-08-15', 2021, 8, 15, 'Alta');
INSERT INTO hostal.calendario (fecha, año, mes, dia, temporada) VALUES ('2021-08-16', 2021, 8, 16, 'Alta');
INSERT INTO hostal.calendario (fecha, año, mes, dia, temporada) VALUES ('2021-08-17', 2021, 8, 17, 'Alta');
INSERT INTO hostal.calendario (fecha, año, mes, dia, temporada) VALUES ('2021-08-18', 2021, 8, 18, 'Alta');
INSERT INTO hostal.calendario (fecha, año, mes, dia, temporada) VALUES ('2021-08-19', 2021, 8, 19, 'Alta');
INSERT INTO hostal.calendario (fecha, año, mes, dia, temporada) VALUES ('2021-08-20', 2021, 8, 20, 'Alta');
INSERT INTO hostal.calendario (fecha, año, mes, dia, temporada) VALUES ('2021-08-21', 2021, 8, 21, 'Alta');
INSERT INTO hostal.calendario (fecha, año, mes, dia, temporada) VALUES ('2021-08-22', 2021, 8, 22, 'Alta');
INSERT INTO hostal.calendario (fecha, año, mes, dia, temporada) VALUES ('2021-08-23', 2021, 8, 23, 'Alta');
INSERT INTO hostal.calendario (fecha, año, mes, dia, temporada) VALUES ('2021-08-24', 2021, 8, 24, 'Alta');
INSERT INTO hostal.calendario (fecha, año, mes, dia, temporada) VALUES ('2021-08-25', 2021, 8, 25, 'Alta');
INSERT INTO hostal.calendario (fecha, año, mes, dia, temporada) VALUES ('2021-08-26', 2021, 8, 26, 'Alta');
INSERT INTO hostal.calendario (fecha, año, mes, dia, temporada) VALUES ('2021-08-27', 2021, 8, 27, 'Alta');
INSERT INTO hostal.calendario (fecha, año, mes, dia, temporada) VALUES ('2021-08-28', 2021, 8, 28, 'Alta');
INSERT INTO hostal.calendario (fecha, año, mes, dia, temporada) VALUES ('2021-08-29', 2021, 8, 29, 'Alta');
INSERT INTO hostal.calendario (fecha, año, mes, dia, temporada) VALUES ('2021-08-30', 2021, 8, 30, 'Alta');
INSERT INTO hostal.calendario (fecha, año, mes, dia, temporada) VALUES ('2021-08-31', 2021, 8, 31, 'Alta');
INSERT INTO hostal.calendario (fecha, año, mes, dia, temporada) VALUES ('2021-09-01', 2021, 9, 1, 'Baja');
INSERT INTO hostal.calendario (fecha, año, mes, dia, temporada) VALUES ('2021-09-02', 2021, 9, 2, 'Baja');
INSERT INTO hostal.calendario (fecha, año, mes, dia, temporada) VALUES ('2021-09-03', 2021, 9, 3, 'Baja');
INSERT INTO hostal.calendario (fecha, año, mes, dia, temporada) VALUES ('2021-09-04', 2021, 9, 4, 'Baja');
INSERT INTO hostal.calendario (fecha, año, mes, dia, temporada) VALUES ('2021-09-05', 2021, 9, 5, 'Baja');
INSERT INTO hostal.calendario (fecha, año, mes, dia, temporada) VALUES ('2021-09-06', 2021, 9, 6, 'Baja');
INSERT INTO hostal.calendario (fecha, año, mes, dia, temporada) VALUES ('2021-09-07', 2021, 9, 7, 'Baja');
INSERT INTO hostal.calendario (fecha, año, mes, dia, temporada) VALUES ('2021-09-08', 2021, 9, 8, 'Baja');
INSERT INTO hostal.calendario (fecha, año, mes, dia, temporada) VALUES ('2021-09-09', 2021, 9, 9, 'Baja');
INSERT INTO hostal.calendario (fecha, año, mes, dia, temporada) VALUES ('2021-09-10', 2021, 9, 10, 'Baja');
INSERT INTO hostal.calendario (fecha, año, mes, dia, temporada) VALUES ('2021-09-11', 2021, 9, 11, 'Baja');
INSERT INTO hostal.calendario (fecha, año, mes, dia, temporada) VALUES ('2021-09-12', 2021, 9, 12, 'Baja');
INSERT INTO hostal.calendario (fecha, año, mes, dia, temporada) VALUES ('2021-09-13', 2021, 9, 13, 'Baja');
INSERT INTO hostal.calendario (fecha, año, mes, dia, temporada) VALUES ('2021-09-14', 2021, 9, 14, 'Baja');
INSERT INTO hostal.calendario (fecha, año, mes, dia, temporada) VALUES ('2021-09-15', 2021, 9, 15, 'Baja');
INSERT INTO hostal.calendario (fecha, año, mes, dia, temporada) VALUES ('2021-09-16', 2021, 9, 16, 'Baja');
INSERT INTO hostal.calendario (fecha, año, mes, dia, temporada) VALUES ('2021-09-17', 2021, 9, 17, 'Baja');
INSERT INTO hostal.calendario (fecha, año, mes, dia, temporada) VALUES ('2021-09-18', 2021, 9, 18, 'Baja');
INSERT INTO hostal.calendario (fecha, año, mes, dia, temporada) VALUES ('2021-09-19', 2021, 9, 19, 'Baja');
INSERT INTO hostal.calendario (fecha, año, mes, dia, temporada) VALUES ('2021-09-20', 2021, 9, 20, 'Baja');
INSERT INTO hostal.calendario (fecha, año, mes, dia, temporada) VALUES ('2021-09-21', 2021, 9, 21, 'Baja');
INSERT INTO hostal.calendario (fecha, año, mes, dia, temporada) VALUES ('2021-09-22', 2021, 9, 22, 'Baja');
INSERT INTO hostal.calendario (fecha, año, mes, dia, temporada) VALUES ('2021-09-23', 2021, 9, 23, 'Baja');
INSERT INTO hostal.calendario (fecha, año, mes, dia, temporada) VALUES ('2021-09-24', 2021, 9, 24, 'Baja');
INSERT INTO hostal.calendario (fecha, año, mes, dia, temporada) VALUES ('2021-09-25', 2021, 9, 25, 'Baja');
INSERT INTO hostal.calendario (fecha, año, mes, dia, temporada) VALUES ('2021-09-26', 2021, 9, 26, 'Baja');
INSERT INTO hostal.calendario (fecha, año, mes, dia, temporada) VALUES ('2021-09-27', 2021, 9, 27, 'Baja');
INSERT INTO hostal.calendario (fecha, año, mes, dia, temporada) VALUES ('2021-09-28', 2021, 9, 28, 'Baja');
INSERT INTO hostal.calendario (fecha, año, mes, dia, temporada) VALUES ('2021-09-29', 2021, 9, 29, 'Baja');
INSERT INTO hostal.calendario (fecha, año, mes, dia, temporada) VALUES ('2021-09-30', 2021, 9, 30, 'Baja');
INSERT INTO hostal.calendario (fecha, año, mes, dia, temporada) VALUES ('2021-10-01', 2021, 10, 1, 'Baja');
INSERT INTO hostal.calendario (fecha, año, mes, dia, temporada) VALUES ('2021-10-02', 2021, 10, 2, 'Baja');
INSERT INTO hostal.calendario (fecha, año, mes, dia, temporada) VALUES ('2021-10-03', 2021, 10, 3, 'Baja');
INSERT INTO hostal.calendario (fecha, año, mes, dia, temporada) VALUES ('2021-10-04', 2021, 10, 4, 'Baja');
INSERT INTO hostal.calendario (fecha, año, mes, dia, temporada) VALUES ('2021-10-05', 2021, 10, 5, 'Baja');
INSERT INTO hostal.calendario (fecha, año, mes, dia, temporada) VALUES ('2021-10-06', 2021, 10, 6, 'Baja');
INSERT INTO hostal.calendario (fecha, año, mes, dia, temporada) VALUES ('2021-10-07', 2021, 10, 7, 'Baja');
INSERT INTO hostal.calendario (fecha, año, mes, dia, temporada) VALUES ('2021-10-08', 2021, 10, 8, 'Baja');
INSERT INTO hostal.calendario (fecha, año, mes, dia, temporada) VALUES ('2021-10-09', 2021, 10, 9, 'Baja');
INSERT INTO hostal.calendario (fecha, año, mes, dia, temporada) VALUES ('2021-10-10', 2021, 10, 10, 'Baja');
INSERT INTO hostal.calendario (fecha, año, mes, dia, temporada) VALUES ('2021-10-11', 2021, 10, 11, 'Baja');
INSERT INTO hostal.calendario (fecha, año, mes, dia, temporada) VALUES ('2021-10-12', 2021, 10, 12, 'Baja');
INSERT INTO hostal.calendario (fecha, año, mes, dia, temporada) VALUES ('2021-10-13', 2021, 10, 13, 'Baja');
INSERT INTO hostal.calendario (fecha, año, mes, dia, temporada) VALUES ('2021-10-14', 2021, 10, 14, 'Baja');
INSERT INTO hostal.calendario (fecha, año, mes, dia, temporada) VALUES ('2021-10-15', 2021, 10, 15, 'Baja');
INSERT INTO hostal.calendario (fecha, año, mes, dia, temporada) VALUES ('2021-10-16', 2021, 10, 16, 'Baja');
INSERT INTO hostal.calendario (fecha, año, mes, dia, temporada) VALUES ('2021-10-17', 2021, 10, 17, 'Baja');
INSERT INTO hostal.calendario (fecha, año, mes, dia, temporada) VALUES ('2021-10-18', 2021, 10, 18, 'Baja');
INSERT INTO hostal.calendario (fecha, año, mes, dia, temporada) VALUES ('2021-10-19', 2021, 10, 19, 'Baja');
INSERT INTO hostal.calendario (fecha, año, mes, dia, temporada) VALUES ('2021-10-20', 2021, 10, 20, 'Baja');
INSERT INTO hostal.calendario (fecha, año, mes, dia, temporada) VALUES ('2021-10-21', 2021, 10, 21, 'Baja');
INSERT INTO hostal.calendario (fecha, año, mes, dia, temporada) VALUES ('2021-10-22', 2021, 10, 22, 'Baja');
INSERT INTO hostal.calendario (fecha, año, mes, dia, temporada) VALUES ('2021-10-23', 2021, 10, 23, 'Baja');
INSERT INTO hostal.calendario (fecha, año, mes, dia, temporada) VALUES ('2021-10-24', 2021, 10, 24, 'Baja');
INSERT INTO hostal.calendario (fecha, año, mes, dia, temporada) VALUES ('2021-10-25', 2021, 10, 25, 'Baja');
INSERT INTO hostal.calendario (fecha, año, mes, dia, temporada) VALUES ('2021-10-26', 2021, 10, 26, 'Baja');
INSERT INTO hostal.calendario (fecha, año, mes, dia, temporada) VALUES ('2021-10-27', 2021, 10, 27, 'Baja');
INSERT INTO hostal.calendario (fecha, año, mes, dia, temporada) VALUES ('2021-10-28', 2021, 10, 28, 'Baja');
INSERT INTO hostal.calendario (fecha, año, mes, dia, temporada) VALUES ('2021-10-29', 2021, 10, 29, 'Baja');
INSERT INTO hostal.calendario (fecha, año, mes, dia, temporada) VALUES ('2021-10-30', 2021, 10, 30, 'Baja');
INSERT INTO hostal.calendario (fecha, año, mes, dia, temporada) VALUES ('2021-10-31', 2021, 10, 31, 'Baja');
INSERT INTO hostal.calendario (fecha, año, mes, dia, temporada) VALUES ('2021-11-01', 2021, 11, 1, 'Baja');
INSERT INTO hostal.calendario (fecha, año, mes, dia, temporada) VALUES ('2021-11-02', 2021, 11, 2, 'Baja');
INSERT INTO hostal.calendario (fecha, año, mes, dia, temporada) VALUES ('2021-11-03', 2021, 11, 3, 'Baja');
INSERT INTO hostal.calendario (fecha, año, mes, dia, temporada) VALUES ('2021-11-04', 2021, 11, 4, 'Baja');
INSERT INTO hostal.calendario (fecha, año, mes, dia, temporada) VALUES ('2021-11-05', 2021, 11, 5, 'Baja');
INSERT INTO hostal.calendario (fecha, año, mes, dia, temporada) VALUES ('2021-11-06', 2021, 11, 6, 'Baja');
INSERT INTO hostal.calendario (fecha, año, mes, dia, temporada) VALUES ('2021-11-07', 2021, 11, 7, 'Baja');
INSERT INTO hostal.calendario (fecha, año, mes, dia, temporada) VALUES ('2021-11-08', 2021, 11, 8, 'Baja');
INSERT INTO hostal.calendario (fecha, año, mes, dia, temporada) VALUES ('2021-11-09', 2021, 11, 9, 'Baja');
INSERT INTO hostal.calendario (fecha, año, mes, dia, temporada) VALUES ('2021-11-10', 2021, 11, 10, 'Baja');
INSERT INTO hostal.calendario (fecha, año, mes, dia, temporada) VALUES ('2021-11-11', 2021, 11, 11, 'Baja');
INSERT INTO hostal.calendario (fecha, año, mes, dia, temporada) VALUES ('2021-11-12', 2021, 11, 12, 'Baja');
INSERT INTO hostal.calendario (fecha, año, mes, dia, temporada) VALUES ('2021-11-13', 2021, 11, 13, 'Baja');
INSERT INTO hostal.calendario (fecha, año, mes, dia, temporada) VALUES ('2021-11-14', 2021, 11, 14, 'Baja');
INSERT INTO hostal.calendario (fecha, año, mes, dia, temporada) VALUES ('2021-11-15', 2021, 11, 15, 'Baja');
INSERT INTO hostal.calendario (fecha, año, mes, dia, temporada) VALUES ('2021-11-16', 2021, 11, 16, 'Baja');
INSERT INTO hostal.calendario (fecha, año, mes, dia, temporada) VALUES ('2021-11-17', 2021, 11, 17, 'Baja');
INSERT INTO hostal.calendario (fecha, año, mes, dia, temporada) VALUES ('2021-11-18', 2021, 11, 18, 'Baja');
INSERT INTO hostal.calendario (fecha, año, mes, dia, temporada) VALUES ('2021-11-19', 2021, 11, 19, 'Baja');
INSERT INTO hostal.calendario (fecha, año, mes, dia, temporada) VALUES ('2021-11-20', 2021, 11, 20, 'Baja');
INSERT INTO hostal.calendario (fecha, año, mes, dia, temporada) VALUES ('2021-11-21', 2021, 11, 21, 'Baja');
INSERT INTO hostal.calendario (fecha, año, mes, dia, temporada) VALUES ('2021-11-22', 2021, 11, 22, 'Baja');
INSERT INTO hostal.calendario (fecha, año, mes, dia, temporada) VALUES ('2021-11-23', 2021, 11, 23, 'Baja');
INSERT INTO hostal.calendario (fecha, año, mes, dia, temporada) VALUES ('2021-11-24', 2021, 11, 24, 'Baja');
INSERT INTO hostal.calendario (fecha, año, mes, dia, temporada) VALUES ('2021-11-25', 2021, 11, 25, 'Baja');
INSERT INTO hostal.calendario (fecha, año, mes, dia, temporada) VALUES ('2021-11-26', 2021, 11, 26, 'Baja');
INSERT INTO hostal.calendario (fecha, año, mes, dia, temporada) VALUES ('2021-11-27', 2021, 11, 27, 'Baja');
INSERT INTO hostal.calendario (fecha, año, mes, dia, temporada) VALUES ('2021-11-28', 2021, 11, 28, 'Baja');
INSERT INTO hostal.calendario (fecha, año, mes, dia, temporada) VALUES ('2021-11-29', 2021, 11, 29, 'Baja');
INSERT INTO hostal.calendario (fecha, año, mes, dia, temporada) VALUES ('2021-11-30', 2021, 11, 30, 'Baja');
INSERT INTO hostal.calendario (fecha, año, mes, dia, temporada) VALUES ('2021-12-01', 2021, 12, 1, 'Baja');
INSERT INTO hostal.calendario (fecha, año, mes, dia, temporada) VALUES ('2021-12-02', 2021, 12, 2, 'Baja');
INSERT INTO hostal.calendario (fecha, año, mes, dia, temporada) VALUES ('2021-12-03', 2021, 12, 3, 'Baja');
INSERT INTO hostal.calendario (fecha, año, mes, dia, temporada) VALUES ('2021-12-04', 2021, 12, 4, 'Baja');
INSERT INTO hostal.calendario (fecha, año, mes, dia, temporada) VALUES ('2021-12-05', 2021, 12, 5, 'Baja');
INSERT INTO hostal.calendario (fecha, año, mes, dia, temporada) VALUES ('2021-12-06', 2021, 12, 6, 'Baja');
INSERT INTO hostal.calendario (fecha, año, mes, dia, temporada) VALUES ('2021-12-07', 2021, 12, 7, 'Baja');
INSERT INTO hostal.calendario (fecha, año, mes, dia, temporada) VALUES ('2021-12-08', 2021, 12, 8, 'Baja');
INSERT INTO hostal.calendario (fecha, año, mes, dia, temporada) VALUES ('2021-12-09', 2021, 12, 9, 'Baja');
INSERT INTO hostal.calendario (fecha, año, mes, dia, temporada) VALUES ('2021-12-10', 2021, 12, 10, 'Baja');
INSERT INTO hostal.calendario (fecha, año, mes, dia, temporada) VALUES ('2021-12-11', 2021, 12, 11, 'Baja');
INSERT INTO hostal.calendario (fecha, año, mes, dia, temporada) VALUES ('2021-12-12', 2021, 12, 12, 'Baja');
INSERT INTO hostal.calendario (fecha, año, mes, dia, temporada) VALUES ('2021-12-13', 2021, 12, 13, 'Baja');
INSERT INTO hostal.calendario (fecha, año, mes, dia, temporada) VALUES ('2021-12-14', 2021, 12, 14, 'Baja');
INSERT INTO hostal.calendario (fecha, año, mes, dia, temporada) VALUES ('2021-12-15', 2021, 12, 15, 'Baja');
INSERT INTO hostal.calendario (fecha, año, mes, dia, temporada) VALUES ('2021-12-16', 2021, 12, 16, 'Baja');
INSERT INTO hostal.calendario (fecha, año, mes, dia, temporada) VALUES ('2021-12-17', 2021, 12, 17, 'Baja');
INSERT INTO hostal.calendario (fecha, año, mes, dia, temporada) VALUES ('2021-12-18', 2021, 12, 18, 'Baja');
INSERT INTO hostal.calendario (fecha, año, mes, dia, temporada) VALUES ('2021-12-19', 2021, 12, 19, 'Baja');
INSERT INTO hostal.calendario (fecha, año, mes, dia, temporada) VALUES ('2021-12-20', 2021, 12, 20, 'Baja');
INSERT INTO hostal.calendario (fecha, año, mes, dia, temporada) VALUES ('2021-12-21', 2021, 12, 21, 'Baja');
INSERT INTO hostal.calendario (fecha, año, mes, dia, temporada) VALUES ('2021-12-22', 2021, 12, 22, 'Baja');
INSERT INTO hostal.calendario (fecha, año, mes, dia, temporada) VALUES ('2021-12-23', 2021, 12, 23, 'Baja');
INSERT INTO hostal.calendario (fecha, año, mes, dia, temporada) VALUES ('2021-12-24', 2021, 12, 24, 'Baja');
INSERT INTO hostal.calendario (fecha, año, mes, dia, temporada) VALUES ('2021-12-25', 2021, 12, 25, 'Baja');
INSERT INTO hostal.calendario (fecha, año, mes, dia, temporada) VALUES ('2021-12-26', 2021, 12, 26, 'Baja');
INSERT INTO hostal.calendario (fecha, año, mes, dia, temporada) VALUES ('2021-12-27', 2021, 12, 27, 'Baja');
INSERT INTO hostal.calendario (fecha, año, mes, dia, temporada) VALUES ('2021-12-28', 2021, 12, 28, 'Baja');
INSERT INTO hostal.calendario (fecha, año, mes, dia, temporada) VALUES ('2021-12-29', 2021, 12, 29, 'Baja');
INSERT INTO hostal.calendario (fecha, año, mes, dia, temporada) VALUES ('2021-12-30', 2021, 12, 30, 'Baja');
INSERT INTO hostal.calendario (fecha, año, mes, dia, temporada) VALUES ('2021-12-31', 2021, 12, 31, 'Baja');

INSERT INTO hostal.direccion (ID_hostal, direccion, ciudad, pais) VALUES (1, 'Plaza Lealtad', 'Madrid', 'España');
INSERT INTO hostal.direccion (ID_hostal, direccion, ciudad, pais) VALUES (2, 'Casa Riera', 'Madrid', 'España');
INSERT INTO hostal.direccion (ID_hostal, direccion, ciudad, pais) VALUES (3, 'Rue Malot', 'Paris', 'Francia');
INSERT INTO hostal.direccion (ID_hostal, direccion, ciudad, pais) VALUES (4, 'Plaza Principal', 'Berlin', 'Alemania');

INSERT INTO hostal.habitacion (ID_habitacion, ID_hostal, num_habitacion, num_personas, estado) VALUES (1, 1, 10, 2, 1);
INSERT INTO hostal.habitacion (ID_habitacion, ID_hostal, num_habitacion, num_personas, estado) VALUES (2, 1, 12, 1, 1);
INSERT INTO hostal.habitacion (ID_habitacion, ID_hostal, num_habitacion, num_personas, estado) VALUES (3, 1, 13, 2, 0);
INSERT INTO hostal.habitacion (ID_habitacion, ID_hostal, num_habitacion, num_personas, estado) VALUES (4, 1, 20, 2, 1);
INSERT INTO hostal.habitacion (ID_habitacion, ID_hostal, num_habitacion, num_personas, estado) VALUES (5, 1, 21, 1, 1);
INSERT INTO hostal.habitacion (ID_habitacion, ID_hostal, num_habitacion, num_personas, estado) VALUES (6, 1, 23, 2, 1);
INSERT INTO hostal.habitacion (ID_habitacion, ID_hostal, num_habitacion, num_personas, estado) VALUES (7, 2, 11, 4, 1);
INSERT INTO hostal.habitacion (ID_habitacion, ID_hostal, num_habitacion, num_personas, estado) VALUES (8, 2, 12, 4, 1);
INSERT INTO hostal.habitacion (ID_habitacion, ID_hostal, num_habitacion, num_personas, estado) VALUES (9, 2, 13, 4, 1);
INSERT INTO hostal.habitacion (ID_habitacion, ID_hostal, num_habitacion, num_personas, estado) VALUES (10, 2, 21, 2, 1);
INSERT INTO hostal.habitacion (ID_habitacion, ID_hostal, num_habitacion, num_personas, estado) VALUES (11, 2, 22, 3, 1);
INSERT INTO hostal.habitacion (ID_habitacion, ID_hostal, num_habitacion, num_personas, estado) VALUES (12, 2, 23, 6, 1);
INSERT INTO hostal.habitacion (ID_habitacion, ID_hostal, num_habitacion, num_personas, estado) VALUES (13, 3, 11, 1, 1);
INSERT INTO hostal.habitacion (ID_habitacion, ID_hostal, num_habitacion, num_personas, estado) VALUES (14, 3, 12, 1, 1);
INSERT INTO hostal.habitacion (ID_habitacion, ID_hostal, num_habitacion, num_personas, estado) VALUES (15, 3, 13, 1, 1);
INSERT INTO hostal.habitacion (ID_habitacion, ID_hostal, num_habitacion, num_personas, estado) VALUES (16, 3, 14, 1, 0);
INSERT INTO hostal.habitacion (ID_habitacion, ID_hostal, num_habitacion, num_personas, estado) VALUES (17, 4, 11, 2, 1);
INSERT INTO hostal.habitacion (ID_habitacion, ID_hostal, num_habitacion, num_personas, estado) VALUES (18, 4, 12, 1, 1);
INSERT INTO hostal.habitacion (ID_habitacion, ID_hostal, num_habitacion, num_personas, estado) VALUES (19, 4, 13, 3, 1);

INSERT INTO hostal.habitaciones_reservadas (fecha, ID_habitacion) VALUES ('2021-01-01', 4);
INSERT INTO hostal.habitaciones_reservadas (fecha, ID_habitacion) VALUES ('2021-01-02', 4);
INSERT INTO hostal.habitaciones_reservadas (fecha, ID_habitacion) VALUES ('2021-01-03', 4);
INSERT INTO hostal.habitaciones_reservadas (fecha, ID_habitacion) VALUES ('2021-01-04', 4);
INSERT INTO hostal.habitaciones_reservadas (fecha, ID_habitacion) VALUES ('2021-01-05', 4);
INSERT INTO hostal.habitaciones_reservadas (fecha, ID_habitacion) VALUES ('2021-01-06', 4);
INSERT INTO hostal.habitaciones_reservadas (fecha, ID_habitacion) VALUES ('2021-01-07', 4);
INSERT INTO hostal.habitaciones_reservadas (fecha, ID_habitacion) VALUES ('2021-01-08', 4);
INSERT INTO hostal.habitaciones_reservadas (fecha, ID_habitacion) VALUES ('2021-03-02', 4);
INSERT INTO hostal.habitaciones_reservadas (fecha, ID_habitacion) VALUES ('2021-03-03', 4);
INSERT INTO hostal.habitaciones_reservadas (fecha, ID_habitacion) VALUES ('2021-03-04', 4);
INSERT INTO hostal.habitaciones_reservadas (fecha, ID_habitacion) VALUES ('2021-03-05', 4);
INSERT INTO hostal.habitaciones_reservadas (fecha, ID_habitacion) VALUES ('2021-03-01', 6);
INSERT INTO hostal.habitaciones_reservadas (fecha, ID_habitacion) VALUES ('2021-03-02', 6);
INSERT INTO hostal.habitaciones_reservadas (fecha, ID_habitacion) VALUES ('2021-03-03', 6);
INSERT INTO hostal.habitaciones_reservadas (fecha, ID_habitacion) VALUES ('2021-03-04', 6);
INSERT INTO hostal.habitaciones_reservadas (fecha, ID_habitacion) VALUES ('2021-03-05', 6);
INSERT INTO hostal.habitaciones_reservadas (fecha, ID_habitacion) VALUES ('2021-03-06', 6);
INSERT INTO hostal.habitaciones_reservadas (fecha, ID_habitacion) VALUES ('2021-03-07', 6);
INSERT INTO hostal.habitaciones_reservadas (fecha, ID_habitacion) VALUES ('2021-03-08', 6);
INSERT INTO hostal.habitaciones_reservadas (fecha, ID_habitacion) VALUES ('2021-11-01', 8);
INSERT INTO hostal.habitaciones_reservadas (fecha, ID_habitacion) VALUES ('2021-11-02', 8);
INSERT INTO hostal.habitaciones_reservadas (fecha, ID_habitacion) VALUES ('2021-11-03', 8);
INSERT INTO hostal.habitaciones_reservadas (fecha, ID_habitacion) VALUES ('2021-11-04', 8);
INSERT INTO hostal.habitaciones_reservadas (fecha, ID_habitacion) VALUES ('2021-11-05', 8);
INSERT INTO hostal.habitaciones_reservadas (fecha, ID_habitacion) VALUES ('2021-11-06', 8);
INSERT INTO hostal.habitaciones_reservadas (fecha, ID_habitacion) VALUES ('2021-11-07', 8);
INSERT INTO hostal.habitaciones_reservadas (fecha, ID_habitacion) VALUES ('2021-11-08', 8);
INSERT INTO hostal.habitaciones_reservadas (fecha, ID_habitacion) VALUES ('2021-11-01', 10);
INSERT INTO hostal.habitaciones_reservadas (fecha, ID_habitacion) VALUES ('2021-11-02', 10);
INSERT INTO hostal.habitaciones_reservadas (fecha, ID_habitacion) VALUES ('2021-11-03', 10);
INSERT INTO hostal.habitaciones_reservadas (fecha, ID_habitacion) VALUES ('2021-11-04', 10);
INSERT INTO hostal.habitaciones_reservadas (fecha, ID_habitacion) VALUES ('2021-11-05', 10);
INSERT INTO hostal.habitaciones_reservadas (fecha, ID_habitacion) VALUES ('2021-11-06', 10);
INSERT INTO hostal.habitaciones_reservadas (fecha, ID_habitacion) VALUES ('2021-11-07', 10);
INSERT INTO hostal.habitaciones_reservadas (fecha, ID_habitacion) VALUES ('2021-11-08', 10);
INSERT INTO hostal.habitaciones_reservadas (fecha, ID_habitacion) VALUES ('2021-07-15', 14);
INSERT INTO hostal.habitaciones_reservadas (fecha, ID_habitacion) VALUES ('2021-07-16', 14);
INSERT INTO hostal.habitaciones_reservadas (fecha, ID_habitacion) VALUES ('2021-07-17', 14);
INSERT INTO hostal.habitaciones_reservadas (fecha, ID_habitacion) VALUES ('2021-07-18', 14);
INSERT INTO hostal.habitaciones_reservadas (fecha, ID_habitacion) VALUES ('2021-07-19', 14);
INSERT INTO hostal.habitaciones_reservadas (fecha, ID_habitacion) VALUES ('2021-07-20', 14);
INSERT INTO hostal.habitaciones_reservadas (fecha, ID_habitacion) VALUES ('2021-11-01', 19);
INSERT INTO hostal.habitaciones_reservadas (fecha, ID_habitacion) VALUES ('2021-11-02', 19);
INSERT INTO hostal.habitaciones_reservadas (fecha, ID_habitacion) VALUES ('2021-11-03', 19);
INSERT INTO hostal.habitaciones_reservadas (fecha, ID_habitacion) VALUES ('2021-11-04', 19);
INSERT INTO hostal.habitaciones_reservadas (fecha, ID_habitacion) VALUES ('2021-11-05', 19);
INSERT INTO hostal.habitaciones_reservadas (fecha, ID_habitacion) VALUES ('2021-11-06', 19);
INSERT INTO hostal.habitaciones_reservadas (fecha, ID_habitacion) VALUES ('2021-11-07', 19);
INSERT INTO hostal.habitaciones_reservadas (fecha, ID_habitacion) VALUES ('2021-11-08', 19);

INSERT INTO hostal.hostal (ID_hostal, nombre, telefono) VALUES (1, 'Ritz', '555666333');
INSERT INTO hostal.hostal (ID_hostal, nombre, telefono) VALUES (2, 'NH', '111222333');
INSERT INTO hostal.hostal (ID_hostal, nombre, telefono) VALUES (3, 'Paris Gare', '142741845');
INSERT INTO hostal.hostal (ID_hostal, nombre, telefono) VALUES (4, 'Berlin Mitte', '555666333');

INSERT INTO hostal.pago (tipo_pago) VALUES ('bizum');
INSERT INTO hostal.pago (tipo_pago) VALUES ('cryptomonedas');
INSERT INTO hostal.pago (tipo_pago) VALUES ('paypal');
INSERT INTO hostal.pago (tipo_pago) VALUES ('tarjeta');

INSERT INTO hostal.precio (ID_precio, precio, ID_habitacion) VALUES (1, 200, 1);
INSERT INTO hostal.precio (ID_precio, precio, ID_habitacion) VALUES (2, 210, 2);
INSERT INTO hostal.precio (ID_precio, precio, ID_habitacion) VALUES (3, 90, 3);
INSERT INTO hostal.precio (ID_precio, precio, ID_habitacion) VALUES (4, 150, 4);
INSERT INTO hostal.precio (ID_precio, precio, ID_habitacion) VALUES (5, 40, 5);
INSERT INTO hostal.precio (ID_precio, precio, ID_habitacion) VALUES (6, 1500, 6);
INSERT INTO hostal.precio (ID_precio, precio, ID_habitacion) VALUES (7, 2000, 7);
INSERT INTO hostal.precio (ID_precio, precio, ID_habitacion) VALUES (8, 150, 8);
INSERT INTO hostal.precio (ID_precio, precio, ID_habitacion) VALUES (9, 90, 9);
INSERT INTO hostal.precio (ID_precio, precio, ID_habitacion) VALUES (10, 500, 10);
INSERT INTO hostal.precio (ID_precio, precio, ID_habitacion) VALUES (11, 300, 11);
INSERT INTO hostal.precio (ID_precio, precio, ID_habitacion) VALUES (12, 450, 12);
INSERT INTO hostal.precio (ID_precio, precio, ID_habitacion) VALUES (13, 1000, 13);
INSERT INTO hostal.precio (ID_precio, precio, ID_habitacion) VALUES (14, 1200, 14);
INSERT INTO hostal.precio (ID_precio, precio, ID_habitacion) VALUES (15, 2100, 15);
INSERT INTO hostal.precio (ID_precio, precio, ID_habitacion) VALUES (16, 20, 16);
INSERT INTO hostal.precio (ID_precio, precio, ID_habitacion) VALUES (17, 64, 17);
INSERT INTO hostal.precio (ID_precio, precio, ID_habitacion) VALUES (18, 50, 18);
INSERT INTO hostal.precio (ID_precio, precio, ID_habitacion) VALUES (19, 250, 19);

INSERT INTO hostal.reserva (ID_reserva, ID_usuario, ID_habitacion, inicio_reserva, fin_reserva, pago, precio_total) VALUES (1, 1, 4, '2021-01-01', '2021-01-08', 'tarjeta', 1050.00);
INSERT INTO hostal.reserva (ID_reserva, ID_usuario, ID_habitacion, inicio_reserva, fin_reserva, pago, precio_total) VALUES (2, 5, 8, '2021-11-01', '2021-11-08', 'bizum', 1050.00);
INSERT INTO hostal.reserva (ID_reserva, ID_usuario, ID_habitacion, inicio_reserva, fin_reserva, pago, precio_total) VALUES (3, 1, 14, '2021-07-15', '2021-07-20', 'tarjeta', 6000.00);
INSERT INTO hostal.reserva (ID_reserva, ID_usuario, ID_habitacion, inicio_reserva, fin_reserva, pago, precio_total) VALUES (4, 3, 6, '2021-03-01', '2021-03-08', 'paypal', 10500.00);
INSERT INTO hostal.reserva (ID_reserva, ID_usuario, ID_habitacion, inicio_reserva, fin_reserva, pago, precio_total) VALUES (5, 2, 10, '2021-11-01', '2021-11-08', 'cryptomonedas', 3500.00);
INSERT INTO hostal.reserva (ID_reserva, ID_usuario, ID_habitacion, inicio_reserva, fin_reserva, pago, precio_total) VALUES (6, 4, 4, '2021-03-02', '2021-03-05', 'tarjeta', 450.00);

INSERT INTO hostal.usuario_registrado (ID_usuario, email, password) VALUES (1, 'pepe@gmail.com', '1234');
INSERT INTO hostal.usuario_registrado (ID_usuario, email, password) VALUES (2, 'marta@gmail.com', '1234');
INSERT INTO hostal.usuario_registrado (ID_usuario, email, password) VALUES (3, 'carlos@gmail.com', '5241');
INSERT INTO hostal.usuario_registrado (ID_usuario, email, password) VALUES (4, 'harry@hotmail.com', 'password1');
INSERT INTO hostal.usuario_registrado (ID_usuario, email, password) VALUES (5, 'admin@gmail.com', 'hola');
INSERT INTO hostal.usuario_registrado (ID_usuario, email, password) VALUES (6, 'jorge@educa.com', '4321');





